name,url,username,password,note
account.arena.net,https://account.arena.net/login,rohitghoshkol8@gmail.com,rapid born folk cheap,
account.ubisoft.com,https://account.ubisoft.com/en-US/login/change-password,rohitghoshkol8@gmail.com,AUROmira@143,
accounts.bistudio.com,https://accounts.bistudio.com/auth/register,ghostkiller1403,AUROmira`1234,
accounts.google.com,https://accounts.google.com/signin/v2/challenge/pwd,1929038@kiit.ac.in,AUROmira@12,
accounts.google.com,https://accounts.google.com/v3/signin/challenge/pwd,ghostkiller1403@gmail.com,AUROmira`1234,
accounts.google.com,https://accounts.google.com/v3/signin/challenge/pwd,rohitghoshkol8@gmail.com,AUROmira@14301,
accounts.zohoportal.in,https://accounts.zohoportal.in/accounts/signin,rohitghoshkol8@gmail.com,ROHITghosh`123,
admission.iimbg.ac.in,https://admission.iimbg.ac.in/mba2025/student/withdrawal_request.php,ROHIT GHOSH,921010024294642,
admission.iimrohtak.ac.in,https://admission.iimrohtak.ac.in/SignIn/pgp-2025-27,rohitghoshkol8@gmail.com,663325,
admission.iitr.ac.in,https://admission.iitr.ac.in/,rohitghoshkol8@gmail.com,Auromira@1234,
admissions.iimnagpur.ac.in,https://admissions.iimnagpur.ac.in/mba/login,24006496,AUROmira`1234,
admissions.iimnagpur.ac.in,https://admissions.iimnagpur.ac.in/mba/reset-password,341190,AUROmira`12,
admissions.iimnagpur.ac.in,https://admissions.iimnagpur.ac.in/mba/reset-password,736887,AUROmira`1234,
admissions.iimtrichy.ac.in,https://admissions.iimtrichy.ac.in/,24006496,AUROmira@143,
admissions.iimtrichy.ac.in,https://admissions.iimtrichy.ac.in/student/cancellation-pgpm-hr,ROHIT GHOSH,921010024294642,
admissions.iimv.ac.in,https://admissions.iimv.ac.in/login,24006496,AUROmira@1234,
admissions.somaiya.edu,https://admissions.somaiya.edu/,rohitghoshkol8@gmail.com,auroMIRA@1234,
adultfriendfinder.com,https://adultfriendfinder.com/go/page/landing_page_113,ghost1403,AUROmira`123,
animetiddies.de,https://animetiddies.de/,lifeselector,nQ$zTsssrfn!4b&HWW7GnJZEj,
anyflip.com,https://anyflip.com/center/explore/download.php,ghostkiller1403@gmail.com,ROHITghosh@1234,
app.joinsuperset.com,https://app.joinsuperset.com/,MBA25084@iimsirmaur.ac.in,AUROmira`12,
application.greatlakes.edu.in,https://application.greatlakes.edu.in/,rohitghoshkol8@gmail.com,o5N1)y96IF,
applications.xatonline.in,https://applications.xatonline.in/,rohitghoshkol8@gmail.com,ROHITghosh`123,
asia.wargaming.net,https://asia.wargaming.net/id/signin/,ghostkiller1403@gmail.com,AUROmira@1234,
auth.ashesofcreation.com,https://auth.ashesofcreation.com/u/signup,ghostkiller1403,ROHITghosh`123,
beta-accounts.paradoxinteractive.com,https://beta-accounts.paradoxinteractive.com/reset,,Auromira@14301,
bitrix24.net,https://bitrix24.net/auth/restore-password/xuq8dz52rr96nbk0sj9vzl78sd701w74/,rohitghoshkol8@gmail.com,ROHITghosh`12,
blackrock.wd1.myworkdayjobs.com,https://blackrock.wd1.myworkdayjobs.com/en-US/BlackRock_Professional/jobs,rohitghoshkol8@gmail.com,ROHITghosh@123,
bsky.app,https://bsky.app/,ghostkiller1403@gmail.com,Auromira`1234,
cap2025.iimbg.ac.in,https://cap2025.iimbg.ac.in/login,24006496,AUROmira@1234,
cdn.digialm.com,https://cdn.digialm.com/EForms/configuredHtml/32842/89884/login.html,24006496,Rohit`123,
cdn3.digialm.com,https://cdn3.digialm.com/EForms/configuredHtml/2076/92195/login.html,XAT25134538,ROHITghosh`123,
connect.ubisoft.com,https://connect.ubisoft.com/create,ghostkiller1029,AUROmira@14301,
connect.ubisoft.com,https://connect.ubisoft.com/login,ghostkiller1403@gmail.com,AUROmira@14301,
connect.ubisoft.com,https://connect.ubisoft.com/login,rohitghoshkol8@gmail.com,AUROmira@143,
crmweb-100695.campusnexus.cloud,https://crmweb-100695.campusnexus.cloud/cmc.crm.sts/CreateAccount/Create,rohitghoshkol8@gmail.com,ROHITghosh`123,
cs.rin.ru,https://cs.rin.ru/forum/ucp.php,ghost1404,Auromira`123,
demonicscans.org,https://demonicscans.org/signin.php,ghostkiller1403@gmail.com,AUROmira`1234,
developers.kite.trade,https://developers.kite.trade/signup,ROHIT GHOSH,AUROmira`1234,
dicecloud.com,https://dicecloud.com/register,ghostkiller1403,ROHITghosh`123,
discord.com,https://discord.com/channels/@me,rohitghoskol8@gmail.com,AUROmira@14301,
doms.iitm.ac.in,https://doms.iitm.ac.in/admission/,rohitghoshkol8@gmail.com,pq9qxz,
erp.iitkgp.ac.in,https://erp.iitkgp.ac.in/IITKGPApplications/register,rohitghoshkol8@gmail.com,ROHITghosh`123,
f95zone.to,https://f95zone.to/login,rohitghoshkol8@gmail.com,ROHITghosh`123,
f95zone.to,https://f95zone.to/lost-password/ghostkiller1403.2608959/confirm,ghostkiller1403@gmail.com,AUROmira`123,
g06.tcsion.com,https://g06.tcsion.com//EForms/loginAction.do,24006496,Rohit`123,
g21.digialm.com,https://g21.digialm.com/EForms/loginAction.do,XAT25134538,ROHITghosh`123,
ge.wd5.myworkdayjobs.com,https://ge.wd5.myworkdayjobs.com/GE_ExternalSite/login,rohitghoshkol8@gmail.com,ROHITghosh@123,
gehc.wd5.myworkdayjobs.com,https://gehc.wd5.myworkdayjobs.com/GEHC_ExternalSite/login,rohitghoshkol8@gmail.com,ROHITghosh@123,
github.com,https://github.com/login,rohitghoshkol8@gmail.com,Auromira@14301,
gradpartners.in,https://gradpartners.in/e/Destination-Dr-Reddys-Management-Track-212,mba25084@iimsirmaur.ac.in,AUROmira@1234,
http://10.254.254.51,http://10.254.254.51/0/up/,bbg_al,Auromira@14301,
http://192.168.0.1,http://192.168.0.1/webpages/login.html,,Auromira@14301,
http://192.168.1.1,http://192.168.1.1/admin/login.asp,admin,Syro@43210$,
http://192.168.1.1,http://192.168.1.1/admin/login.asp,mionadm,M1pl@#6687,
http://localhost:5678,http://localhost:5678/setup,GHOSH,AUROmira@1234,
idcs-e0016b3d9131403ebc5df645dd530918.identity.oraclecloud.com,https://idcs-e0016b3d9131403ebc5df645dd530918.identity.oraclecloud.com/ui/v1/signin,ghostkiller1403@gmail.com,AUROmira@14301,
iimmumbai.ac.in,https://iimmumbai.ac.in/admission-2025/candidate/registration,24006496,GL2tlK89bgd,
iimsirmaur.iqdigit.com,https://iimsirmaur.iqdigit.com/login,24006496,AUROmira`1234,
iimsirmaur.iqdigit.com,https://iimsirmaur.iqdigit.com/register,rohitghoshkol8@gmail.com,AUROmira`1234,
island-of-pleasure.com,https://island-of-pleasure.com/register/,ghost1403,Auromira@14301,
join.com,https://join.com/auth/candidates/reset-password/85dcd07b2d6a60e1a10a01628ade181a5655b59100ef7ef1df82c48fdd91,,Auromira@14301,
kiit.pod.ai,https://kiit.pod.ai/login,rohitghoshkol8@gmail.com,Auromira@1234,
leetcode.com,https://leetcode.com/accounts/login/,rohitghoshkol8@gmail.com,ROHITghosh`123,
login.axisdirect.in,https://login.axisdirect.in/,ROHITGHOSH14,AUROmira@123,
login.eveonline.com,https://login.eveonline.com/account/logon,ghostkiler1403,ROHITghosh`123,
login.live.com,https://login.live.com/login.srf,rohitghoshkol8@gmail.com,Auromira@14301,
login.microsoftonline.com,https://login.microsoftonline.com/common/oauth2/authorize,1929038@kiit.ac.in,ROHITghosh12345,
login.microsoftonline.com,https://login.microsoftonline.com/common/oauth2/authorize,rohitghoshkol8@gmail.com,AUROmira`1234,
login.microsoftonline.com,https://login.microsoftonline.com/common/oauth2/v2.0/authorize,mba25084@iimsirmaur.ac.in,AUROmira`1234,
mba.iimraipur.edu.in,https://mba.iimraipur.edu.in/ext/adm/forgotpassword,rohitghoshkol8@gmail.com,AUROmira@14301,
mega.nz,https://mega.nz/login,rohitghoshkol8@gmail.com,Auromira@14301,
myaccount.google.com,https://myaccount.google.com/signinoptions/password,rohitghoshkol8@gmail.com,AUROmira`14301,
obsidian.md,https://obsidian.md/auth,ghostkiller1403@gmail.com,AUROmira@14301,
olt.iimsirmaur.ac.in,https://olt.iimsirmaur.ac.in/default.aspx,MBA25084,MBA25084,
olympus.mygreatlearning.com,https://olympus.mygreatlearning.com/login,rohitghoshkol8@gmail.com,AUROmira@123,
onlineapp3.iitd.ac.in,https://onlineapp3.iitd.ac.in/MBAFT2025/online1.php,rohitghoshkol8@gmail.com,AUROmira@1234,
portal.bloombergforeducation.com,https://portal.bloombergforeducation.com/sign_up,mba25084@iimsirmaur.ac.in,AUROmira`1234,
portal.iitb.ac.in,https://portal.iitb.ac.in/CRP/,rohitghoshkol8@gmail.com,AUROmira@1234,
portal.iitb.ac.in,https://portal.iitb.ac.in/CRP/gateway,KOLKATA,AUROmira@1234,
profile.bharatmatrimony.com,https://profile.bharatmatrimony.com/register/campaignregistration-track-y.php,ghostkiller1403@gmail.com,AUROmira`1234,
profile.callofduty.com,https://profile.callofduty.com/cod/resetPassword,rohitghoshkol8@gmail.com,ROHITghosh@14301,
retail.onlinesbi.sbi,https://retail.onlinesbi.sbi/retail/atmloginvalSuccess.htm,ROHITGHOSHKOL8,auroMIRA`1234,
retail.sbi.bank.in,https://retail.sbi.bank.in/retail/login.htm,ROHITGHOSHKOL8,auroMIRA`1234,
siegrs.gg,https://siegrs.gg/register,,V4j2q7-h.M4tULj,
siegrs.gg,https://siegrs.gg/register,ghostkiller1403@gmail.com,V4j2q7-h.M4tULj,
signin.ea.com,https://signin.ea.com/p/juno/login,rohitghoshkol8@gmail.com,ROHITghosh`123,
signup.cloud.oracle.com,https://signup.cloud.oracle.com/,ghostkiller1403@gmail.com,AUROmira@14301,
soundraw.io,https://soundraw.io/users/sign_up_without_subscription,ghostkiller1403@gmail.com,ROHITghosh`123,
sso.redhat.com,https://sso.redhat.com/auth/realms/redhat-external/login-actions/first-broker-login,rohitghosh2134,Auromira`12345,
steamcommunity.com,https://steamcommunity.com/oauth/loginform,ghostkiller1403,ROHITghosh`1234,
store.steampowered.com,https://store.steampowered.com/login/,ghostkiller1403,Auromira@14301,
us-east-1.signin.aws,https://us-east-1.signin.aws/platform/signup,rohitghoshkol8@gmail.com,AUROmira`123,
users.nexusmods.com,https://users.nexusmods.com/auth/sign_in,rohitghoshkol8@gmail.com,Auromira@14301,
wargaming.net,https://wargaming.net/id/signin/,ghostkiller1403@gmail.com,AUROmira@1234,
www.amazon.com,https://www.amazon.com/ap/register,ghostkiller1403@gmail.com,Auromira@14301,
www.amazon.in,https://www.amazon.in/ap/signin,918420105422,AUROmira`1234,
www.amazon.in,https://www.amazon.in/ap/signin,ghostkiller1403@gmail.com,AUROmira`1234,
www.ashleymadison.com,https://www.ashleymadison.com/en-in/signup/,ghost1403,Auromira`123,
www.cineby.app,https://www.cineby.app/movie/49051,ghostkiller1403,AUROmira`1234,
www.dropout.tv,https://www.dropout.tv/checkout/subscribe/purchase,rohitghoshkol8@gmail.com,ROHITghosh`123,
www.easyminer.net,https://www.easyminer.net/login/,ghostkiller1403@gmail.com,AUROmira`123,
www.elitmus.com,https://www.elitmus.com/password_resets/483648,,ROHITghosh`123,
www.epicgames.com,https://www.epicgames.com/id/login,rohitghoshkol8@gmail.com,ROHITghosh1234,
www.eveonline.com,https://www.eveonline.com/signup,ghostkiler1403,ROHITghosh`123,
www.facebook.com,https://www.facebook.com/,rohitghoshkol8@gmail.com,ROHITghosh`1234,
www.finlatics.com,https://www.finlatics.com/,mba25084@iimsirmaur.ac.in,AUROmira`1234,
www.icicicareers.com,https://www.icicicareers.com/CareerApplicant/Career/job-details/2271594,GHOSH,AUROmira`1234,
www.linkedin.com,https://www.linkedin.com/signup/cold-join,ghostkiller1403@gmail.com,AUROmira`1234,
www.myteamspeak.com,https://www.myteamspeak.com/password-reset/confirmation,rohitghoshkol8@gmail.com,AUROmira@1234,
www.reddit.com,https://www.reddit.com/passwordrecovery/,,ROHITghosh`123,
www.tcsion.com,https://www.tcsion.com//EForms/configuredHtml/1016/67887/Registration.html,rohitghoshkol8@gmail.com,878642,
www.turnitin.com,https://www.turnitin.com/newuser_join.asp,mba25084@iimsirmaur.ac.in,ROHITghosh@1234,
www.twitch.tv,https://www.twitch.tv/,ghostkiller14301,ROHITghosh`1234,
www.twitch.tv,https://www.twitch.tv/amazonstudentprograms,MBA25084_RohitGhosh,AUROmira`12,
www.wemod.com,https://www.wemod.com/reset/123078192eb996b289b3392775d5b2a86e535f0177f9fb5e24de37fea17b3d3c,ghostkiller1403@gmail.com,AUROmira@14301,
www.xvideos.com,https://www.xvideos.com/account/lostpassword/3774a531c896d1963UJHTHw3a4BFnzTaKI3fm6fKAV-PJfC3T2yol2TN2k8v9jU3Eh9B9Rbk-6OA-BAk,,Auromira@143,
